{
  "P0100": {
    "occurrences": 1031,
    "conditions": {
      "speed": {
        "active": {
          "mean": 123.65118331716779,
          "median": 106.6,
          "std": 109.19242683720515,
          "min": 0.0,
          "max": 531.9
        },
        "inactive": {
          "mean": 117.57958761122518,
          "median": 105.0,
          "std": 100.0770039212995,
          "min": 0.0,
          "max": 531.9
        },
        "mean_difference": 6.071595705942613,
        "effect_size": 0.05797162029620366,
        "significant": false
      },
      "rpm": {
        "active": {
          "mean": 3716.807953443259,
          "median": 3533.0,
          "std": 1438.1816708685026,
          "min": 810.0,
          "max": 7714.0
        },
        "inactive": {
          "mean": 3813.844455852156,
          "median": 3681.5,
          "std": 1421.5726078462567,
          "min": 810.0,
          "max": 8000.0
        },
        "mean_difference": -97.03650240889692,
        "effect_size": 0.06786238005816636,
        "significant": false
      },
      "throttle": {
        "active": {
          "mean": 0.3044713870029098,
          "median": 0.15,
          "std": 0.3687308157338679,
          "min": 0.0,
          "max": 1.0
        },
        "inactive": {
          "mean": 0.3026317590691307,
          "median": 0.15,
          "std": 0.36810432121412473,
          "min": 0.0,
          "max": 1.0
        },
        "mean_difference": 0.00183962793377912,
        "effect_size": 0.004993321237208621,
        "significant": false
      },
      "brake": {
        "active": {
          "mean": 0.04991270611057226,
          "median": 0.0,
          "std": 0.2026295393975327,
          "min": 0.0,
          "max": 1.0
        },
        "inactive": {
          "mean": 0.04876112251882273,
          "median": 0.0,
          "std": 0.20479667727347303,
          "min": 0.0,
          "max": 1.0
        },
        "mean_difference": 0.001151583591749529,
        "effect_size": 0.0056528875867233475,
        "significant": false
      }
    },
    "significant_features": [],
    "root_cause_hypothesis": "No clear pattern identified for this DTC"
  },
  "P0162": {
    "occurrences": 1031,
    "conditions": {
      "speed": {
        "active": {
          "mean": 115.28659553831233,
          "median": 102.3,
          "std": 95.39931321194618,
          "min": 0.0,
          "max": 531.9
        },
        "inactive": {
          "mean": 119.05527036276523,
          "median": 105.9,
          "std": 102.5488094790203,
          "min": 0.0,
          "max": 531.9
        },
        "mean_difference": -3.7686748244529014,
        "effect_size": 0.03805258705854307,
        "significant": false
      },
      "rpm": {
        "active": {
          "mean": 3886.3472356935013,
          "median": 3737.0,
          "std": 1412.4629915899684,
          "min": 810.0,
          "max": 8000.0
        },
        "inactive": {
          "mean": 3783.934291581109,
          "median": 3655.5,
          "std": 1426.0546015639752,
          "min": 810.0,
          "max": 8000.0
        },
        "mean_difference": 102.41294411239232,
        "effect_size": 0.07215862979887222,
        "significant": false
      },
      "throttle": {
        "active": {
          "mean": 0.3263627546071775,
          "median": 0.18,
          "std": 0.37960641386360344,
          "min": 0.0,
          "max": 1.0
        },
        "inactive": {
          "mean": 0.29876967830253254,
          "median": 0.15,
          "std": 0.36599512420356506,
          "min": 0.0,
          "max": 1.0
        },
        "mean_difference": 0.02759307630464497,
        "effect_size": 0.074003279746428,
        "significant": false
      },
      "brake": {
        "active": {
          "mean": 0.054432589718719684,
          "median": 0.0,
          "std": 0.21400263827650876,
          "min": 0.0,
          "max": 1.0
        },
        "inactive": {
          "mean": 0.047963723477070494,
          "median": 0.0,
          "std": 0.20273213793509207,
          "min": 0.0,
          "max": 1.0
        },
        "mean_difference": 0.0064688662416491904,
        "effect_size": 0.031034135753783897,
        "significant": false
      }
    },
    "significant_features": [],
    "root_cause_hypothesis": "No clear pattern identified for this DTC"
  },
  "P0175": {
    "occurrences": 1031,
    "conditions": {
      "speed": {
        "active": {
          "mean": 123.9898739088264,
          "median": 108.9,
          "std": 104.21973061563601,
          "min": 0.0,
          "max": 531.9
        },
        "inactive": {
          "mean": 117.51983572895276,
          "median": 104.15,
          "std": 101.0036175836835,
          "min": 0.0,
          "max": 531.9
        },
        "mean_difference": 6.47003817987364,
        "effect_size": 0.06304588534929734,
        "significant": false
      },
      "rpm": {
        "active": {
          "mean": 3901.564500484966,
          "median": 3706.0,
          "std": 1471.5902914480619,
          "min": 810.0,
          "max": 8000.0
        },
        "inactive": {
          "mean": 3781.2496577686516,
          "median": 3659.5,
          "std": 1415.2644369340792,
          "min": 810.0,
          "max": 8000.0
        },
        "mean_difference": 120.31484271631462,
        "effect_size": 0.08333772187748276,
        "significant": false
      },
      "throttle": {
        "active": {
          "mean": 0.30433559650824443,
          "median": 0.15,
          "std": 0.36844243122870185,
          "min": 0.0,
          "max": 1.0
        },
        "inactive": {
          "mean": 0.3026557152635182,
          "median": 0.15,
          "std": 0.3681553350519503,
          "min": 0.0,
          "max": 1.0
        },
        "mean_difference": 0.0016798812447262335,
        "effect_size": 0.004561189821714892,
        "significant": false
      },
      "brake": {
        "active": {
          "mean": 0.053472356935014544,
          "median": 0.0,
          "std": 0.2144592861131633,
          "min": 0.0,
          "max": 1.0
        },
        "inactive": {
          "mean": 0.048133127994524294,
          "median": 0.0,
          "std": 0.20265199307477727,
          "min": 0.0,
          "max": 1.0
        },
        "mean_difference": 0.00533922894049025,
        "effect_size": 0.025590729962031676,
        "significant": false
      }
    },
    "significant_features": [],
    "root_cause_hypothesis": "No clear pattern identified for this DTC"
  },
  "P0198": {
    "occurrences": 1031,
    "conditions": {
      "speed": {
        "active": {
          "mean": 121.09400581959264,
          "median": 105.6,
          "std": 106.74378759830022,
          "min": 0.0,
          "max": 530.3
        },
        "inactive": {
          "mean": 118.0307255304586,
          "median": 105.3,
          "std": 100.56210107560737,
          "min": 0.0,
          "max": 531.9
        },
        "mean_difference": 3.063280289134042,
        "effect_size": 0.029540109153566012,
        "significant": false
      },
      "rpm": {
        "active": {
          "mean": 3760.9515033947623,
          "median": 3596.0,
          "std": 1434.8052401832963,
          "min": 819.0,
          "max": 8000.0
        },
        "inactive": {
          "mean": 3806.0566392881587,
          "median": 3674.0,
          "std": 1422.563119477739,
          "min": 810.0,
          "max": 8000.0
        },
        "mean_difference": -45.10513589339644,
        "effect_size": 0.03157081359075274,
        "significant": false
      },
      "throttle": {
        "active": {
          "mean": 0.29579049466537344,
          "median": 0.15,
          "std": 0.3605022531295784,
          "min": 0.0,
          "max": 1.0
        },
        "inactive": {
          "mean": 0.30416324435318276,
          "median": 0.15,
          "std": 0.3695247694533935,
          "min": 0.0,