{
  "anomaly_rate": 4.507405022537025,
  "total_samples": 7765,
  "anomaly_count": 350,
  "normal_count": 7415,
  "feature_stats": {
    "speed": {
      "normal": {
        "mean": 104.27502629804451,
        "std": 50.33699085339783,
        "min": 0.0,
        "max": 290.8
      },
      "anomaly": {
        "mean": 186.48448571428574,
        "std": 128.52247119427693,
        "min": 0.0,
        "max": 467.9
      }
    },
    "rpm": {
      "normal": {
        "mean": 4442.574376264329,
        "std": 2088.0017913165375,
        "min": 942.0,
        "max": 9681.0
      },
      "anomaly": {
        "mean": 5985.0085714285715,
        "std": 2748.7470263423725,
        "min": 940.0,
        "max": 9691.0
      }
    },
    "throttle": {
      "normal": {
        "mean": 0.28024544841537424,
        "std": 0.32614310048925954,
        "min": 0.0,
        "max": 1.0
      },
      "anomaly": {
        "mean": 0.3310571428571429,
        "std": 0.4454279319605023,
        "min": 0.0,
        "max": 1.0
      }
    },
    "brake": {
      "normal": {
        "mean": 0.0007646662171274444,
        "std": 0.01360233492145628,
        "min": 0.0,
        "max": 0.42
      },
      "anomaly": {
        "mean": 0.48205714285714285,
        "std": 0.46601252752306166,
        "min": 0.0,
        "max": 1.0
      }
    }
  }
}