{
  "anomaly_rate": 5.0,
  "total_samples": 6060,
  "anomaly_count": 303,
  "normal_count": 5757,
  "feature_stats": {
    "speed": {
      "normal": {
        "mean": 103.32503734583985,
        "std": 50.48244022574684,
        "min": 0.0,
        "max": 365.47
      },
      "anomaly": {
        "mean": 224.46534653465346,
        "std": 198.05829052116852,
        "min": 0.0,
        "max": 527.7
      }
    },
    "rpm": {
      "normal": {
        "mean": 3914.463783220427,
        "std": 1292.7140729389303,
        "min": 969.0,
        "max": 8000.0
      },
      "anomaly": {
        "mean": 3928.019801980198,
        "std": 2141.5764570663564,
        "min": 968.0,
        "max": 7932.0
      }
    },
    "throttle": {
      "normal": {
        "mean": 0.2786937641132534,
        "std": 0.3378976249068259,
        "min": 0.0,
        "max": 1.0
      },
      "anomaly": {
        "mean": 0.2164026402640264,
        "std": 0.4003267658590974,
        "min": 0.0,
        "max": 1.0
      }
    },
    "brake": {
      "normal": {
        "mean": 0.008398471426089977,
        "std": 0.06822457335198118,
        "min": 0.0,
        "max": 1.0
      },
      "anomaly": {
        "mean": 0.6826732673267326,
        "std": 0.4296299603449976,
        "min": 0.0,
        "max": 1.0
      }
    }
  }
}